City/Country,Gender,Average Income(in USD)
HONG KONG,F,23297.439351227935
HONG KONG,M,32900.128282017984
IND,F,2238.437086092715
IND,M,3199.7880794701987
New Delhi,F,1502.4238410596026
New Delhi,M,3192.6490066225165
SINGAPORE,F,44698.51772911429
SINGAPORE,M,56933.33232785451
UK,F,27629.729373651848
UK,M,37204.05357458716
USA,F,53760.0
USA,M,66564.33333333333
